,PC1,PC2,PC3,PC4,PC5,PC6,PC7,PC8,PC9,PC10,PC11,PC12,PC13,PC14,PC15,PC16,PC17,PC18,PC19,PC20,PC21,PC22,PC23,PC24,PC25,PC26,PC27,PC28,PC29,PC30,PC31,PC32,PC33,PC34,PC35,PC36,PC37,PC38,PC39,PC40,PC41,PC42,PC43,PC44,PC45,PC46,PC47,PC48,PC49,PC50,PC51,PC52,PC53,PC54
ppg_mean,-0.011982392537501682,-0.03898583948544508,-0.0003076419412143568,-0.01976640936951348,-0.6137257232447144,-0.16048268490636644,-0.011037330956838119,-0.014279233817386668,0.17695010446319268,0.08611789803178173,0.021187962621486266,-0.04186856104194535,-0.027905091279442174,-0.05452145531607113,0.00245029434473818,-0.06370136330809963,0.16845973288419533,0.06892421770928714,-0.0006008010175061718,-0.04489823277866834,-0.11527411322369571,0.3783488814964026,0.3009183608896725,-0.008142074942517634,0.1809105232025432,-0.16073049867741232,0.10797383754153458,-0.147400415926735,0.2609439686001781,-0.0018190955143363523,0.18860235879901033,-0.06978806319728774,0.09819484876328409,0.05528190643714824,-0.017414435572016163,0.037971000659823215,-0.07008386513082779,0.06125151760228907,0.05277346955938887,0.047246991707852626,0.005088052881571344,-0.03803438147208356,-0.027125153585985974,0.018678070613695193,-0.014304713746502605,0.018113410008710126,-0.04904063449397166,0.0168534576617296,-0.15017877267591853,-0.0012886232616254286,-0.042510584927892864,-0.02360559328967834,-0.0021279743984943043,0.07035643286811259
ppg_median,-0.045131509829857086,-0.05285475259338701,-0.037672503970282496,-0.0723878389643991,-0.33385409022351165,-0.004759312439963914,-0.2317406680326794,-0.08236528130458506,-0.20553784777956563,-0.18609434673268185,0.5649508768121758,0.04346988206249145,-0.234983923468591,0.1468332077547021,0.278302220144413,0.09302688894453735,0.2560520803551795,-0.19879263709394293,-0.09715657043456861,0.1476534429501141,0.1188048892356091,-0.16198431216892883,-0.2328574786134884,-0.010016624641512251,-0.038489233982979404,0.062127547118744714,0.0465463150919184,-0.0005131289705068987,-0.018300427222063126,0.013334594145795162,-0.03792017118758828,0.01616739003063028,-0.024287500442047763,-0.06499632963582802,-0.022052112339878367,-0.02022006633701217,0.02332058052088376,0.03072649756988454,-0.028803533229160794,-0.015087864575814174,-0.0011036856999919152,0.04617363458070047,0.03155250265442301,0.004610260248382337,0.010576527935938001,-0.013437891378727525,0.0014368939975789377,0.003451355734388383,0.03128657181158834,-0.03641383531520598,-0.003750187415521626,-0.004928852877170632,-0.01638436079427303,-0.026079664657415444
ppg_iqr,0.13712342279595774,0.12322207876611169,-0.1585996499776027,-0.01212687467750603,0.1209534824917966,-0.27783606436697694,-0.14393356471000393,-0.022946583856192124,0.09927975123906993,0.09967547616940214,-0.11143151072171506,-0.10793230347779978,0.016298518426280502,0.009375956796490363,-0.11375969938974263,0.20213621419769817,0.38971689233012674,-0.08823386123439438,0.05168188354151532,-0.05226387675039104,0.024482315444184014,-0.11967285465742153,0.05377106726479636,-0.22696784565730674,0.06668534573983408,0.022932251221258713,0.17908147817120018,-0.18987955823349686,-0.11649317529832379,0.10516425640472614,-0.2028754854243599,0.17608377762747138,0.062185206752777354,-0.10693896394729727,-0.09174941367882408,-0.005029600429198859,0.14167912297394245,0.16357286911906105,-0.07090601179333264,-0.03749507481250958,-0.07822817678886235,-0.32509709602037984,-0.15299126225087983,-0.172413894026488,0.04170987958650152,0.28230641890827624,-0.01363999128916557,-0.003915510105891962,-0.0073991098895300755,0.028197912772087025,0.003002427476637974,0.0069814212040338955,0.018096675487115535,-0.022955996567244313
ppg_skew,0.12943238856367967,0.05229450064724073,-0.009861789990100728,0.060380530958333484,-0.1236708375499044,0.03954781508150443,0.24371018136374253,0.028881808607001604,0.39374245893563203,0.30836418705021795,-0.26032990840374304,0.03112179977582296,-0.1661437220851471,0.17703742463151098,0.32605221273031876,-0.134463347522586,0.14861805085773486,-0.04878974476736753,-0.2633671678863554,0.3826569926486439,0.11347111343543614,0.005785915477340128,-0.06623482570224332,0.1259883897015207,-0.21379801791413955,0.10644579253226207,-0.18802981768738175,-0.03045737697917089,-0.10804481161456218,0.0044395670715343775,-0.11242026265616598,0.03334257499804546,-0.030821947378294065,-0.016136980323701533,0.03629190804938013,-0.029340367426939233,0.01781650674842966,-0.0013715108336095835,0.0022126033689744,0.0037309868378115896,-0.023356335527839864,-0.00565113491384811,0.005607566593577661,-0.016392184617670724,0.015552423550592226,0.0028998205201417743,-0.015557487073315883,0.004729223940645174,-0.006210497103136245,-7.025024973831098e-05,-0.011405062361925823,-0.000932180782110114,0.0016282238767793315,0.0008229527347554666
ppg_diff_mean,-0.015255583236558123,-0.039355410318196754,-9.201125603318372e-05,-0.0076807951440939215,-0.2748261015000569,-0.037184108614812125,0.1216115656698191,0.14542043071547459,-0.296309415061662,-0.42063900657310793,-0.5265822941171587,-0.32456492973685924,-0.01987528631590211,0.42086587768949524,0.12510668670267291,0.111698956767943,-0.0270137574062273,-0.034065304130977136,0.057956531825670836,-0.07210990930275568,-0.055302062456516726,-0.04266180160037386,-0.07746021824154835,-0.013215680489418492,-0.022413997684867334,0.012600906649951043,0.043324906664792336,0.03770088671912627,-0.03458035087910777,-0.017162653533028132,0.0027817816568742326,0.017407901934320624,-0.025177857700104098,-0.017133969743495153,0.00853548652691231,0.0013798253113607925,0.004415969091086325,-0.02155337016849393,0.0016630630499212817,-0.014810208020452832,-0.002567682956352087,-0.03239241240199324,0.007913789568067889,0.0019585498031220866,-0.0008355145078699187,0.014116992400672664,0.021332327696926667,-0.02860916963447796,-0.007678251355259291,-0.002916256433038268,-0.015534060309066886,-0.004026231993215806,0.019678353860971432,-0.0035244018171599056
ppg_zcr,0.17077004311672936,-0.15385539975052925,0.08674957260137511,-0.0010761385133514212,0.011507642851765018,0.010234255624241878,-0.08041985109279326,0.07617975600056566,-0.1054614526218465,-0.009940604828905221,-0.029709155969354237,0.24911796462029728,-0.006898804169768957,0.07494016464122613,0.04744240584793654,0.008320040059691586,0.0015675852239788457,0.18395834353972929,-0.33654548225503805,-0.11581371274340341,-0.27612562284870035,0.17645892348599582,-0.09856156283021376,-0.2268956315704349,0.03276375341256639,-0.023951746159070544,-0.1375643013946268,0.2306074026088259,0.09712640144753272,0.6012767708142528,-0.17092159473381024,0.12133142483476397,-0.04436396213986067,0.041262430290586016,-0.059103223611485,0.009677241239975692,-0.06156076599915742,0.07756455275287324,0.015425587588631023,-0.05140837581623801,0.02592304194826514,0.001462523616049212,0.003999028248027399,-0.05304848435610072,0.019218619145236447,-0.013296152057725039,-0.021923556320128816,-0.0479007510831544,-0.00914526387443712,-0.011406506994706954,-0.00746813034508971,0.001649296336654879,-0.003599097140388864,-0.013340314661573274
ppg_p1,-0.12181457578118167,-0.23425310971326355,0.033616917597629234,-0.03385388911421494,-0.023863609345408626,-0.05081426656349419,0.19263401675792624,0.006430540694231983,0.030640988651185364,0.06822737545986848,-0.07200674810599783,-0.04904093925673704,-0.08285853781081665,-0.10302066090797851,-0.0003727006341668296,-0.07018994600675979,0.05376894202422565,0.02726951611095698,-0.03448441090479835,-0.0075094953302424355,0.10913880319300294,-0.016037260836899492,-0.054881670282863004,-0.1194453217490939,0.11447997130345805,-0.10196520307193857,0.14957466496189967,0.02661424247792359,0.1632370433342627,0.003630409022539735,0.0678721974960223,0.05222803734714204,-0.03881001169575721,-0.1876939897758845,-0.04411977822584817,-0.028709138912551467,0.03989818747322166,0.02585485698408585,-0.022675726239860014,-0.019989887745603424,-0.008020364394581503,0.02639425818805427,0.007217716574181111,-0.009639676814253532,0.14306499407761736,-0.053766492267211585,-0.10804286155815623,0.019720879847614253,0.6677132417191867,-0.31735259200807486,0.25300628445638673,0.14048238448973888,0.16041243842303324,-0.046636804631325385
ppg_p90,0.1409865490849363,0.1697456760067512,-0.15956991234796453,-0.001844591003941274,0.029148067881753698,-0.18983668875206894,-0.20889710284550134,-0.015532155356860526,0.06586571521697798,0.01857248869696576,-0.09577049603753189,-0.1156025485164379,0.0687799258674988,0.026252991519314206,-0.14377962357471413,0.05379975672519094,0.1914702659461115,-0.08730569147545231,-0.020632406393330246,-0.04275482194931007,-0.0067755406106477,0.047121173406914435,0.01724593788784949,0.04240875005554248,-0.028806138421595323,-0.04914439522100923,0.026146939032154717,-0.06844344083645401,-0.09486158070601314,0.05614123836547582,-0.1730654824859553,0.06973759939369037,0.057530535765587656,0.016699790773304222,-0.0027876519431804716,0.05390637741655005,-0.08198270654441725,0.016153674558115706,0.12741786347692352,-0.006896537020995415,0.1257361560663387,0.23592305438154096,0.4934713448762027,0.2180503416386971,-0.12234512095020034,-0.48199493184468234,-0.01707078183286643,0.10696806498324209,0.09565072458213236,-0.09479195260986745,0.06786651692559613,0.001957006632666465,-0.07669642866172285,-0.04948232581597428
ppg_p95,0.12411436149261358,0.18270279870033632,-0.12849889345198484,0.01194015009059525,0.023837583366492596,-0.11646701872680364,-0.3020642020065045,-0.02627016795967635,0.03495730057302404,-0.010067936795223791,-0.07944063257012796,-0.09657064987482135,0.0856766560812991,0.015478228574059089,-0.1298046557429156,-0.09424336915966436,0.011048250931004144,0.026728979972523353,-0.1957031182334721,0.057155354801849315,0.02544780234717726,0.08579135575267738,-0.22785495199709688,0.12780698401387516,0.01826161841867871,0.10120081499078014,-0.0870556424859547,0.2323570707238574,0.18238818007811114,-0.07086018727514984,0.3363335182824786,-0.08266407836570111,-0.07091096400386211,-0.21277343815811037,-0.04027072214267133,0.0065880736311520385,-0.05685625062682209,-0.1170600030153841,0.17697055785332094,0.15906829970972414,-0.009850104414667379,-0.05900091344001958,-0.07804795711854112,-0.020379632233599232,-0.08524278053248169,0.2100978721662182,0.01656799208103795,-0.039393399857431684,0.03394387098669924,-0.1511631788498395,-0.042148920698149184,-0.04539382521296063,-0.06943033589094033,-0.45571366831767957
ppg_p99,0.12029320292851091,0.2384458411351009,0.03919161344452493,0.07382359369405261,-0.017099145797257326,0.016756226647791417,0.04043862950398268,-0.011760836813721162,0.08619375269217044,0.05923559818418134,0.02510221673885087,0.06006786385777994,-0.01787613125202228,0.11344210873478233,0.14344960155495584,0.11212178135378022,-0.012864853986571445,-0.0975145610231368,0.06929406627383126,-0.13987886015869244,-0.07474768241347379,0.08085608011613879,-0.02837860046535382,0.024146866194440522,0.12474258408384246,-0.04988311172024565,0.044547821349292596,-0.003222956966016821,0.015079986191362887,-0.004976324416251506,0.09875976793165642,-0.16633202184840956,0.043398151550619865,0.31485255388929995,0.06869607785599202,-0.02805396735242722,0.021309184197116894,0.0969978878774796,-0.27223398414653943,-0.28051289401966467,0.11376373320051289,0.11888244012894009,-0.023539503552726476,-0.08388667857160574,0.04751350924723288,0.03946267273921327,0.3289205759445918,-0.12841668328387443,0.24526929438225428,0.21656031317212665,0.21000750299913523,0.11776201478476511,-0.2020208892743186,-0.33818897860515795
ppg_p95_p5,0.1352860497022842,0.222060901395031,-0.07517950475381344,0.04691858613545134,0.011622699581795133,-0.09872082136008017,-0.20006749307002733,-0.042953364477944955,0.01940347806145354,-0.00037814876988945256,0.005112506990321897,-0.06024531099258751,0.013813071053132203,0.05837462546857941,-0.0035141882205824287,-0.052709631509671395,0.000828196577033119,0.0084026778206228,-0.06907413416690111,0.0008753132252564133,-0.00533776962722482,0.05370689102749365,-0.09440407607412757,0.06116572722072971,0.01086047864739062,0.01779996078480829,-0.01805516470007612,0.1551110493831364,0.061825685517448825,-0.012815035001142056,0.1407658636362789,-0.02270228686238336,-0.05289038884922387,-0.047707692266976895,0.0006490965335896152,0.0107210652055426,-0.03762671848036057,-0.16337531323433335,0.08996069933066594,-0.006387839348668487,-0.0023570852034532452,0.007764688469860063,-0.013525156180097694,-0.09381795043335814,-0.028036956766195935,0.044569802971764286,0.17941575577940277,-0.06432896689664977,0.20187187070811133,0.32579329985406835,0.16945309187237,0.17278922284263173,0.2709978376724552,0.651404104393367
ppg_trim_mean_10,-0.09012590517540345,-0.19643827568447564,-0.07835437736141418,-0.1090869616568645,-0.16256339092540387,-0.01796542814427081,-0.1930426673513856,0.008177024513497028,-0.09076895000786775,-0.1303449835514517,0.02880889404842299,-0.09090813598477482,0.13344962981890643,-0.10698617075427543,-0.30315935170805763,-0.06300489437731623,0.14296693906419772,0.08752862790611676,-0.08563303087285933,0.09840378241807182,-0.09964722582265428,0.17103205771895108,0.22426562297677094,0.24843204626535886,-0.2815244068373425,0.14304544114602008,-0.3246449893839617,-0.03484104361305532,-0.23769308626886362,-0.048247547730555,-0.18768924956991778,-0.03696179456063603,-0.07785588197964788,0.1598563707693198,0.12650231969886416,-0.06855919044044277,0.037704308477250315,-0.08214045685102872,-0.14400285607766639,-0.11794985280748094,-0.032593352685271776,-0.062107637821322635,-0.14838715434936914,-0.09798777250171906,0.11962369665393664,0.012738236428317411,0.05674279147188354,-0.035572828450310554,0.2149361757980789,-0.024946382705032504,0.09180357644932052,0.051765259814222905,0.03050952562109024,-0.06453802609186893
ppg_crest_factor,-0.1311528824839453,0.1504250255504736,0.20283092284192963,-0.10846007502538492,-0.01730151162936854,0.17927799852236131,-0.03827967567667834,0.04923380101690189,0.06429431714663097,-0.02450369374123218,-0.023078871094132432,-0.03545341512375258,0.043497599185597424,-0.10634087465978176,0.08686748085108702,0.019932535714982928,0.027124025886225922,0.005786536165797301,-0.053853365268757385,-0.12796638479204017,-0.0873382723919679,0.2757537124967146,-0.22819064581110873,-0.12679695279083483,0.30337259801580113,0.19840010792555907,-0.12525718335520136,-0.4082375572105932,-0.2578739229281822,0.006147028977114738,-0.04748368550842508,-0.19455416252478283,-0.2540067302005048,-0.3296709016714273,0.017165174590494277,-0.09485026348431976,0.06710903157713127,-0.08467692701968332,0.01010526823247622,-0.0013684473223625551,-0.0037968250113487763,-0.08050872780730751,0.03839073374215821,0.08543731730987299,-0.007420278879394023,-0.09629448807302678,0.046435296194596735,-0.16663825950046293,-0.01355002715240812,-0.0004680220757785772,0.017010113348368376,-0.009377556297541972,0.04008866715205807,0.0077759072933815815
ppg_clearance_factor,-0.1912149231771491,0.14539310872757907,0.16768097634437443,0.004876799844607966,0.004625825450600857,0.07021906733079722,-0.06340434161804842,0.02758095158365291,0.015189572340792365,-0.062220982339152575,-0.04990461096141581,0.06321245077486487,0.04087669488834943,0.012310215845581174,0.018529365251034165,0.06341714806549764,-0.028743502576007506,-0.1022559308263163,-0.0426471569209666,-0.03684606693543531,-0.03815225244247611,0.10197424689288023,-0.10312203612653467,-0.00016316276874978226,0.0234366746491409,0.15675575154431307,-0.08456478647127944,-0.10341473960236026,0.03677716609840514,-0.0021846090102703945,-0.046921538768033615,-0.051942218111434055,0.09730195699489849,0.17630822446867492,0.09359659738046182,-0.1044472082494195,-0.09524176997522726,0.143021149468225,0.0706491908586575,0.12196098421599956,0.050399724620858635,0.03945376398017345,0.11774054828642845,-0.26700154483947547,-0.16171119336195167,0.26805026105899543,-0.15066144496248118,0.6721716402272867,0.1102891436269767,-0.050252780316796045,0.08111124253167033,0.06169734852128405,-0.0311412386019127,0.06366948909263014
ppg_tke_std,0.10118735726285129,0.23503609974978418,0.06226017977502482,0.10492127887901184,-0.028364893694489367,0.04192583579242872,0.01084220805619085,-0.00443631320866994,-0.008317609428096845,-0.01745234518709654,0.10866252618605726,0.15901696657951245,0.03980628213497178,0.10032535067105694,0.12203015648705075,0.15762708197081385,-0.12747278679605176,-0.045449823304311104,0.1500200236384946,-0.011043021038136133,-0.14864036814625506,0.006288893511010973,0.27523593748955877,0.10279828112133144,-0.08036175420269726,0.06659126077243072,-0.15188937053461335,0.09935216923530285,-0.018818169060918835,-0.035683885030670166,0.11962846064307422,0.03873606607613357,-0.05132872618778028,-0.07014167172584414,0.0415923489371471,0.002626352238024432,0.03686787195261612,0.21123192148951556,-0.019718493050601665,-0.14979951056728477,0.01809981716567354,-0.33448950336845823,0.2836441069620726,-0.05660068274682693,-0.10712401385490197,0.03490895684490131,0.0489288927613932,-0.1354486350730229,0.1127716898365839,-0.4248353221967571,-0.14485785090727882,-0.0952580852863607,0.28945395935339613,0.054434963543130155
ppg_tke_p95_abs,0.10329743116650217,0.2255800206904743,0.044010090308012284,0.10862915029836763,-0.04635846019373918,-0.03598226911768355,-0.0764567840531081,-0.06814269604527634,-0.020617371132446424,-0.03393728954267819,0.11802040957580592,0.04802585958428926,-0.04400270652135986,0.125194092292501,0.24520125903466308,-0.023744242824915524,-0.20752888785545867,0.11365473236524362,0.2111386054336243,-0.00019511667251445597,-0.11333570287223982,0.00943413891019041,0.32452282419313716,-0.04996933636881241,-0.05890477108902398,-0.08339007968462989,-0.01939949027782407,-0.02194039061232074,-0.08726306640399534,0.03327775596540847,-0.14816588704405753,0.14122658129558385,-0.08766457412186864,-0.1838436550699336,0.030773469581352977,-0.010376172207076886,-0.033572107951082675,-0.2866007091919883,0.20926608133907937,0.15865738203460886,-0.16425004875600613,-0.11454328451169843,-0.15428962065687124,-0.03579148979454941,0.0976640351607676,-0.12335311953405168,-0.24692874216569496,0.12359107171868862,0.14546215076267757,0.16584572320165647,0.20937496799115057,0.10411501265590073,-0.17892422746666364,-0.1874516049202432
ppg_dx_p95_abs,0.14282639566707023,0.21975630746785801,-0.031329238079586874,0.025733345183017235,0.05171926799961488,-0.04524232002678545,-0.18517053488684193,-0.01968595044474436,0.06643158869975031,0.02251357599986037,-0.041556357889523096,0.008655853146007753,0.03369797321310289,0.10330936438840123,0.06348418865145196,0.06919621961179756,-0.035188622611302275,-0.038484526124384744,-0.016935851689626157,-0.1235678379760991,-0.005426838796848632,0.011194708110162897,-0.14707169158208633,0.046800550699809,0.059501159565254924,-0.07005673053420369,0.027121451365835908,-0.028278947608518477,0.09261173313017837,-0.036177298891904235,-0.11758381060041141,-0.18396898019393604,0.024694603613906213,0.1973236258045938,0.21664559734588604,-0.054425404120145016,-0.0276918475014251,-0.08571471699176444,-0.20934342953389584,-0.03109645090922772,-0.06387870485460828,0.15990648551661396,-0.40000234206756463,0.13021172572640657,0.2904344456693654,-0.13375239513241832,-0.31744951127066046,0.03254868780692965,-0.016581213361039092,-0.3550833890453494,-0.15861104292468692,-0.096527358248469,0.13316214047709776,0.14672824650698263
ppg_dx_kurtosis,-0.011534322586550542,0.2087665216729774,0.10837675483924267,-0.08835004866823871,-0.060506107372481015,0.36409502807007715,-0.09775587303405017,0.04743526747406995,0.1266607173039301,-0.10848922742887379,-0.03134865264339615,-0.07037197646755688,0.0803520963276064,-0.07477699982469282,0.04883573849721022,-0.048534944690030446,0.1329144854550877,0.042748340482949454,-0.09635592301727446,-0.06021684323350901,-0.06097179314902201,-0.10006808523002905,0.07492288060731685,-0.10382071703696004,-0.07769236247874828,0.042158906051363715,0.0354992381805809,0.060200003801319873,-0.12980423043625214,-0.037347658078997086,0.15288791761248743,0.08036938424639542,0.07161446561393829,0.322220737732454,-0.6196715667782263,0.11156154700971829,0.17725473123179702,-0.04499919118976377,-0.009360865566840904,0.1961857529777989,-0.050700895561696574,0.014364269523380255,-0.034649422344188566,0.012380158051884277,0.10127998705136915,-0.07599346896217797,-0.04702673721154148,-0.029772604074676013,0.07781361242984385,-0.08588922446467366,0.00739914278211623,-0.009275348740299484,0.01342094076748417,0.020775960568455765
ppg_ddx_mean,0.006739800323608637,0.009887102114766557,0.0260859667334798,0.016718587601015706,0.5543609407306824,0.07725450741180336,0.10909834071127837,-0.05896456506431418,-0.20709653826155844,-0.19667066523351448,0.10740798822885189,-0.20350161715209447,-0.1566114672605678,0.13772564542711946,0.19194971458748106,-0.11295436267050879,0.3563452652280682,0.023125061060596253,-0.14570894409280055,0.11846643885614844,-0.02500657517334154,0.3680402692419489,0.2367196404336595,0.1004050588809395,0.01522452074223405,-0.11742722314913605,0.010572226535647433,-0.12492249831223073,0.1253000819095542,-0.02884692274166271,0.11213739120216523,-0.057327959101140746,0.06857569076307454,0.026707628103818104,0.007201774700029515,0.024940356038030104,-0.05164012109021628,0.0416189453278992,0.035549182815842295,0.003954674929537064,0.006149715863192583,-0.01708499197943132,-0.021267231791092397,-0.00988230247484382,0.02360789412636269,-0.010670698166899265,-0.026695704950848928,-0.006385252686575894,-0.026047020407247323,-0.023497805597576013,-0.009008815613432655,-0.005638698608580323,0.004876016563331394,0.008165239782300548
ppg_ddx_kurtosis,0.0013954868693402047,0.16081298373616393,0.059576255935262216,-0.14979698814708217,-0.06757915122212713,0.4324539933233568,-0.08934669111750343,0.07228186502369786,0.1486162874880128,-0.12315501859286496,-0.050301452514220024,-0.1464228321977998,0.09277641588518995,-0.16506551274373907,0.02395853705594077,-0.13550931361848267,0.2346507501379439,0.025078306463987537,-0.07454295001354524,-0.060798993655832106,0.030826593720000378,-0.28312927650930986,0.19215937773569547,-0.22150715816079775,-0.07220364966485529,-0.06891262105703892,0.062310958558277924,0.129856966615371,0.06515324297650057,0.07038385549254421,0.08585566151751736,0.08864938864359413,0.014752972542419945,-0.16820745961628747,0.47155631700682576,0.015202200329932677,-0.15976906110629582,0.016108545628620678,0.04307931526263602,-0.22272876216516838,0.04439824622414949,0.0679846730119652,-0.015062442740965631,-0.02919121818651138,-0.01563209081730281,0.019859736534058252,0.0003001041958163586,0.009141834852560614,-0.0259704397819015,0.03896517762703406,-0.023685318756132306,-0.003923126859647012,-0.009372683813722417,-0.02348319753067779
ppg_hjorth_mobility,0.20395128008212152,-0.09595409027895403,0.13795610894105947,0.04186405580686771,0.0008991737442217735,0.13767836711346795,-0.10368015306319071,0.058612354164738166,0.023781732728695396,-0.07053480398916805,-0.027285837410968128,0.10714541115052498,0.09345692296740626,0.03682998990243436,-0.024845943148498865,0.1279818884105756,0.039912903365238755,0.08940369661235245,-0.18760486123413223,-0.03722190236188119,-0.04870277864269522,-0.10992652753058009,0.03754119619296363,-0.01214651381144399,-0.11948666920486464,-0.2121964825243699,-0.009445640245078823,-0.1027253446895883,0.3482875279522205,-0.24535185452438812,-0.24760168868033017,-0.19726847627549265,0.052835681317917715,-0.08412311060796861,0.0926638219209584,-0.1814922428925077,0.22812235432161843,-0.030575013055523514,-0.18315068925828065,0.35198785164672636,-0.15974193482910326,-0.09060701284862625,0.27170743814108256,0.14909232926480712,0.0304487617158734,0.11990279395410378,0.10753947626954652,-0.04476510643164329,0.03296552768501573,0.08670055138005298,0.03149422671698855,0.07557963463448768,-0.02814379159911538,-0.0027720416214808696
ppg_hjorth_complexity,0.1846930924565954,-0.03061074965159286,-0.2435747448555057,-0.10162830666691013,-0.02685317670922811,0.08068366363237509,0.0505106057155007,-0.0478140306650528,-0.07207973903219851,-0.020857250259095638,-0.03640938300734575,-0.016783941374677064,-0.08014104467860161,-0.1492398891864736,0.09139425598770176,-0.07423668346769652,-0.02126107651542891,0.013919648628191214,0.024958520488602164,-0.01763466692395349,0.09706072683786948,-0.023877645001488562,0.105831358187067,0.1326359437744129,0.24088800876993888,0.0947800501645257,0.16215220856849763,0.14386436120857116,-0.3243106389725867,0.1683186106257622,0.048900828554213266,-0.126496670663296,-0.024457540895931728,0.11205611859403754,0.07857546693502901,-0.2706667077159104,-0.33869921287162436,0.07218235158756936,-0.14161472577932313,0.37646583529082356,0.012025731036953861,-0.11001601344543757,0.2259962510052426,0.05784226672792641,0.23042350527293315,0.15519791195775468,-0.05431606805151698,-0.05137123881542589,0.022381612805761092,0.01230631559365616,-0.013644304684770212,0.048930556132674975,-0.004764547139554875,0.013105343411550119
ppg_perm_entropy_o3,0.20877588925145413,-0.11222525607001176,-0.02519023023651316,-0.039877842435144244,-0.013272792008498617,0.0509483177991015,-0.017963912243572154,0.0035572845040112177,-0.0730739567487251,-0.002722616480173551,-0.035208696248897,0.21888581764864945,-0.04678858704597455,-0.03109122174345047,0.07451001669673149,0.008263129200034108,-0.02373886119598534,0.15925603202298494,-0.2842242356378014,-0.17497841144218856,-0.18396290514439093,0.0841657328023703,-0.08111748914955115,0.17322184393103987,0.14823938289382793,0.16641338610077105,0.25814681785416715,-0.05904307592474667,-0.16503955221366196,-0.4603535138399322,0.03811031614217256,0.485846811449089,0.12298421972125748,0.007308489426424078,0.14255034073768796,0.10526311202225884,0.026239519240329842,-0.025173825327051785,0.025039494434139303,-0.10097278117864023,0.012273120683594152,0.02198962376261305,0.0034385400491298984,-0.027198384440344985,0.012092626594958094,0.014012613349937824,-0.043589101724554935,0.02369591311406146,-0.005595661896335591,-0.0017215763860042037,0.0017368266102043822,0.02881185186843774,0.002854632685053529,-0.011256042123345217
ppg_sample_entropy_m2,0.1551485057292203,-0.16550691601952028,-0.058659135457953614,0.0028445230805536972,0.05524477661100882,-0.21236247226589583,0.028352537869643098,0.033926358289131,-0.11041872279939484,0.05274371207109448,-0.06114139536018297,0.1710304393159467,-0.03803493237493394,-0.004651906768441405,0.07551496214250258,0.22586151585159847,0.14238236232484908,0.16904054736325164,-0.0511883482169255,0.06257245360518596,-0.06331697740031392,-0.19812867583804433,0.21351966864705257,-0.4398314078518306,-0.03235768598296426,0.2969929788332538,-0.16177121339121575,-0.09100145810686683,-0.08039250845401733,-0.1309091852872934,0.384217359434552,-0.2598797372186695,-0.01974021461267117,0.0745903688433289,0.04589106270069161,-0.06732409411652257,-0.021368474137831342,-0.17410914180788595,0.015886975792090252,-0.003342991987299676,-0.0015616807261396443,0.1370969026848935,-0.016625574419821786,0.035907050377177945,-0.04266399612742274,-0.09054820933645238,0.009360954033315102,0.11499839230752536,0.011466074914706664,-0.020973155068576502,-0.0032059101115940354,-0.013307370146052263,-0.0037032464695851324,0.024247573016091012
ppg_dom_bpm,0.116150806818186,-0.11656392197663772,0.15329870542473842,0.161238207112255,-0.01072172511915309,0.10431722503623961,-0.10346736369588569,0.277699611879202,-0.09943196384693075,0.22174118504421061,0.0850865356892608,-0.08934995806308191,0.09046751784671075,0.21660627151737316,-0.10012965772884906,-0.2283365015874419,0.11717841405023044,-0.14934950707070505,0.18295001900433083,0.11760918942418806,0.06719012052985074,0.1461280936909798,0.07117583851362104,-0.27058360526396236,0.3194535429265053,0.1537146521646623,-0.06378766133727086,0.3494591904612268,-0.039401938580098717,-0.2918377862498436,-0.23292660922230146,-0.007232511529500857,-0.07486639497233877,0.05565498697941085,0.019717679209880205,0.08395805627784322,-0.0426690620401953,0.11444328909741434,-0.0009701688123183588,0.0848046872788358,-0.057961652211553,0.01703459153678938,-0.04036075033976523,-0.015056063753207852,-0.04072858975019741,-0.05380920317145725,0.031944614629483906,-0.001570152582064257,0.012330830302937329,-0.011470543611258927,-0.04251926465541172,0.03465143596102942,-0.005826376039960287,-0.0035776473949092613
ppg_bp_0p1_0p5,0.1035445123782282,0.22153319908261399,0.004754405433379092,0.11849694732949094,-0.05674459778635782,-0.11685176440698543,-0.05139846761518559,-0.027166202862296502,-0.13589230698065421,-0.11691068125358368,-0.0009184807995683258,-0.05751148142164027,0.0196969342834405,-0.05878448707141962,-0.0375391367281115,-0.2598187925621721,-0.17298015753763563,0.24692911269893375,-0.04875591351744321,0.2074816432159048,0.06184092366637167,0.0066374281189126305,0.11211995024249748,-0.06786227013955462,0.006752197165408036,0.06769762478079272,-0.013893640122012885,-0.03160254662319323,-0.007248017100538046,-0.01591772097306677,0.05572378753218296,0.09408670815590003,-0.0668411818802267,-0.284321270048764,-0.15392850491956167,-0.1946580927606886,0.21930217854985276,0.3773923789552246,-0.327828146212037,-0.1280431353052621,0.09485959379924477,0.3012420170251513,0.018477785323659818,0.0514276205405505,0.13066591517168438,0.05259806495844353,-0.06217603108427309,0.13723063442659164,-0.07691351793598936,0.03744995030687149,0.006212545103310041,0.0016491808983481564,-0.07393871729760648,0.05346554990630609
ppg_bp_2_3,0.08323546708947675,0.1812556415905373,0.09700283247425831,0.11153770132694012,-0.07646705999579893,-0.0179078510191563,0.3564513935059032,0.1125110897320401,-0.15053065446273894,-0.01478899833614394,0.03850558959079448,0.0657567439760924,0.009578838480662398,-0.16579983708547436,-0.22666963911273907,0.1289286290362437,0.22538585795437716,-0.14861518474621177,-0.1080312682869019,-0.07837871838737598,-0.0031166276578823426,-0.011912262845555775,-0.10312835322685172,0.1632747487985353,-0.0061126283757405794,0.08662390131520514,-0.054681085232930554,0.2150424131654744,0.0839835311041326,-0.02028783975693983,0.127313372330088,-0.062332938213338185,-0.06372722306115669,-0.09829048274274615,-0.00586568356864809,-0.032397503211512066,0.03840572498576275,0.004403349828437111,-0.07089527928945291,-0.08751688769123121,-0.12916780156718943,-0.2622180092561124,0.015789244799713914,-0.05694340726557494,0.11960860056332184,-0.23069523917539958,-0.23758331779866282,0.051012943365696534,0.0005592214740367113,0.08135769005629341,0.037698608753409524,-0.05653831565901076,-0.4154848709658889,0.16546253641770248
ppg_bp_0p5_3,0.09811686410177443,0.21465172809723002,0.07101829210468937,0.13073188556796275,-0.09303051326461474,-0.045899566162185865,0.236727047832962,0.07361943561076652,-0.18378751968943763,-0.04579112570949667,0.0590490561742587,0.030224831384343658,-0.023940538687867635,-0.14689836787835603,-0.14805034437805908,-0.05649020548944682,0.06696588205508207,0.03169329911642965,-0.0847312759358122,0.04948712616232381,0.08455973616939556,-0.03939537397996581,-0.08447145282611346,-0.031893604545592216,-0.00895263784329639,0.0031913121630748886,0.027766683352133392,-0.05789096941402215,0.022719464688546853,0.019047039400821465,-0.05504576924229808,-0.04393151939835843,0.02291903817228333,0.11715984372849954,0.021913497534266847,0.05459505823794947,-0.030441945344316712,-0.04376836933727074,0.005693188859565712,-0.0027900581064607063,-0.05998861435012642,-0.05686076863348316,0.025346501631789697,-0.03169099723846497,0.0352170123900654,-0.13361103146050107,-0.0852150080556564,0.08159391125158981,-0.17657569467628403,0.18887800331662064,0.07277910013598002,0.18280720710871978,0.6587158680027196,-0.34470332542656057
ppg_bp_ratio_1_2__0p5_3,0.163900523052245,-0.12110146270879861,0.13247166300957447,0.09838558924671326,0.01117733519226886,0.10076251696765975,0.03224970646460721,0.06888207258612475,0.06812721709502334,0.07299703257502875,0.14418686277309842,-0.05431571301198569,0.1454967695031466,0.3061469558336827,-0.1492203832965976,-0.2339096725151659,0.09779955354545634,0.0993555702320095,0.23172183843844796,-0.0811386671552633,-0.027411703341920002,-0.11726039271708645,-0.05044756265073319,0.19625788164564228,-0.08244075615585342,0.41443645708522864,0.19914391067174067,-0.2863830239365207,0.2048110275026982,0.2743228149823599,0.13002463319798271,0.09550481592788163,0.05361219806069406,0.0076679956238491775,-0.00870131994604999,-0.1671491177241821,-0.009110538255523132,-0.16382036927085053,-0.0388911989746855,-0.016441059169181066,0.047888988167640124,-0.03787946954270707,0.028627419854103803,0.026537988954215663,0.025217993372021005,-0.03866388059414884,0.024542469815226037,0.02048512490618045,0.027618664503182094,-0.04018323911523008,-0.11845492352230688,0.16015589876672637,-0.026873728370309446,0.004855410539829921
ppg_bp_ratio_2_3__0p5_3,0.14756836402246323,-0.07959086034074896,0.202580189724971,0.043949652054094866,0.002106070848703496,0.0604812963497997,0.014071248571079815,-0.013556383418100892,0.14937856358173887,-0.08148815582869956,0.11810195816444762,-0.3216138167995689,0.06585909441158086,-0.08899208974109024,-0.10081863216967119,0.42092494871691494,-0.24541570904778512,-0.08020059677182347,-0.15478849421977003,0.4339819087181308,-0.040137590781045146,0.12054802643504438,0.050125387011813405,-0.051021764261402626,0.15009046942074927,0.016215948634555555,0.15717556831614138,0.10721813667976998,-0.07452247332191153,0.07762133382235123,-0.013083376394118384,0.033888886361332415,0.2365329481321321,-0.03241413772326404,-0.023237825518651056,-0.12425635757155372,0.02124745641004752,-0.2350133868676892,-0.019165294143690476,-0.1418529030917329,0.13780634489642676,-0.052572030445938174,-0.012901536677000024,0.06309967443748586,0.0047862827864529195,0.00816536904184706,-0.016644757066601096,0.05981210806903801,0.025698117754964278,-0.00421034374724483,-0.12953234603437036,0.10160824908652935,-0.002913168443270383,-0.006571273614620218
ppg_bp_ratio_3_5__total,0.12483212784811584,-0.09753895853907152,0.19850094163191767,0.06697592685408937,-0.0032663961126389164,-0.03480011361702714,-0.195688328370816,-0.04135879177825356,-0.09590651616736123,-0.13490697479470154,-0.2671643056293764,0.3826699148658884,-0.026263233987230756,-0.1740905630218226,0.08762165664350478,-0.24111069051651496,0.17595389939326742,-0.2208469766839956,0.21005069880279345,0.057621358299620805,0.12533657250983005,0.05786031844992737,-0.018665834292338257,0.03672462054349704,0.016244561849855454,-0.22767139736719177,-0.019507607490778914,0.03077512131171037,-0.10594822931329276,-0.0005464415870492293,0.03273062876863193,-0.05137914477024644,0.0612604742203918,-0.04275105682342384,-0.12544823931435842,-0.06510009329206057,0.06311398893723885,-0.2855785117332643,-0.014060280887465026,-0.2485810691034418,0.203606028445228,-0.10207630780353566,0.05885162287237855,0.11073701744501926,0.029554904624218885,0.12317649939932936,-0.05053632316711562,0.09838874122915169,-0.011517862195511454,-0.014643805973732212,-0.17125939563910636,0.17939091076816263,-0.025443385936879732,-0.002447615011450771
ppg_bp_ratio_hr_total,0.20078709434078448,-0.06659761828669263,-0.16574763062657563,-0.006569529702274728,-0.02868896637889575,0.09701417169212449,0.12051112868310065,0.054911581577762096,0.017497554458969496,0.13949396260540753,0.1877083194536416,-0.23265450444322033,-0.008432654166217576,0.08222144297478007,-0.043033784348567285,0.0517549395526647,-0.039841049189974116,0.11218496090948288,0.02486107257406034,-0.17827043494017308,-0.005433189792068456,0.07991812294046341,-0.10665922933408692,-0.07736118015271401,-0.12379222772014858,-0.19563368369211648,-0.09187429295582433,-0.04128110371743952,-0.11624576881411403,-0.043880682620526176,0.042596226423573635,-0.10453780704711599,-0.2802304164357243,0.00033901248274952056,-0.03301212033710533,0.3064301008276178,0.08422792038356237,-0.07635078648311185,0.10614463862629807,-0.19261834908295253,0.010638382320572966,0.05566110593004389,0.2525977200335293,0.01844152572020221,0.31273114839732385,0.3019285268808427,-0.07547029793030319,0.20922707703861648,-0.041357848612616474,-0.041801994326099164,-0.16381100323722303,0.20819022814584484,-0.05205827517209317,0.0159238738125268
ppg_spectral_centroid,0.2023196426742457,-0.12445147074313899,0.16945074335199942,0.08468259523541713,-0.004860441115566699,0.04679911200803019,-0.04780227664290793,0.02282962684234604,0.024354001278727146,-0.0047895240365597586,0.019659639127359758,-0.011020689253452284,0.046197880894869384,0.04632082887360731,-0.07622599910237862,-0.02150252485445593,0.02045002822354592,-0.0729106113503457,0.10352721948564725,0.061723391528997244,0.014214589284320858,0.03991090373078812,-0.05548796639571851,0.006493497325226853,-0.03794684450099514,-0.04576267289079983,0.044633661791390555,-0.06983992661388258,-0.05619127115063163,0.03813694558182009,0.08460412004800136,0.008053274257190574,-0.006361772519381317,0.011891524995380848,0.013053418806857932,0.029825323915343233,0.0019994894498728075,-0.10953358665672475,0.01774554189161144,-0.052584720537794644,0.057597704033061525,0.07411685693320227,0.1527050176059186,-0.05643681086602533,0.16878520519302292,0.17196021514815027,-0.12716064597643195,-0.014977888203613232,-0.01622731174459506,0.08343416823715444,0.4124770198691967,-0.7246770146457803,0.12231371584521541,-0.0032213987206125283
ppg_spectral_skewness,0.08506782248695681,0.004927263700726128,-0.3556770732018456,-0.03236264492200912,-0.044730377637958375,0.24922228106157762,0.019795095193800988,0.11993431519435367,-0.0900237673938362,0.04034234997771975,-0.03152994119067825,0.1422282610403387,-0.007345172634794976,0.03458714760415405,-0.017955596411732094,0.03777582690943122,-0.04426982535268419,0.03780669521098295,-0.03174584255832846,-0.00890883467010491,0.17919975425715942,0.11916509848149354,0.08899556973178174,0.04986531393503563,0.06503523067609002,-0.07004458914021967,0.16598771192677297,-0.031177172733352368,0.030573127262595687,0.056537063084396155,-0.07413599880360558,-0.11155940646689799,-0.029968531537083273,-0.13629073311019438,-0.0976213673853575,-0.10143331231669866,0.1338174813667561,-0.11953439468408467,0.0226762292460473,-0.06318935117847566,-0.07810031201117042,0.0012010815915000084,-0.08901163372038487,-0.26424927153907085,-0.03465708240483173,-0.21755951554392505,0.27000042184461476,0.2928516434133008,0.1854624214223117,0.09871844604591726,-0.3312786378096294,-0.3212693495279444,0.07262259517742736,-0.04468567242904714
ppg_spectral_kurtosis,-0.02207818771569518,0.05457154364605536,-0.29403243587153555,-0.027226701289874495,-0.014628147517895842,0.2913257487410868,-0.06836107514871359,0.19959781583559066,-0.11590821215727128,-0.01698469746827978,-0.07884582707440368,0.3363916023190315,0.12608456734626006,0.1635934903713515,-0.18664942123549075,0.1857463680765485,-0.11496774136966931,-0.2022638953133493,-0.023923617928313184,0.2526153322462191,0.1770684429739762,0.13456249184298363,0.06508502810032772,-0.06075820766602685,-0.03590469127918087,0.04419839538331918,-0.007545297890281966,-0.2543561833850979,0.09714165427737156,0.04723650780689742,0.10139588960675719,0.035607769775251,0.07970458387058668,-0.04841087961209499,-0.016547556384889278,0.1719480792733678,-0.1240341626199847,0.16298926415217124,0.09517941343915837,-0.012679441745413467,0.028328326654944086,0.030086304162591067,-0.05821634024367564,0.15612686603401,0.11012763853266785,0.08392779463534095,-0.18065317758966198,-0.16910694009936744,0.017433109476750943,0.0392256538548274,0.1772754056946822,0.17675478022440322,-0.04765933919699725,0.03404727639259984
ppg_spectral_entropy,0.2119701923716087,-0.01540266564081516,0.07636875133810536,-0.23490936929127632,-0.01100368477593729,-0.004745267606371126,0.04543058284427374,-0.04610852490387262,-0.04480955683685229,0.05320845502331368,0.042357089952602435,-0.10983610624796655,-0.08710232514078965,0.0029121678365185573,-0.02474366639645982,-0.0290542540607178,-0.08225896926710437,-0.10666362203682836,-0.02590321103138178,-0.13293392154277037,0.07009852391626308,0.01899420279941992,0.024721995938636873,-0.02625816774406317,-0.06999395808651176,0.011431849579872755,-0.1539349508695365,-0.07624427909058071,0.036129927243939236,-0.003521324743984644,0.04791129428907839,0.09700569062251098,-0.09592276498196338,0.0747341410420957,-0.013559854502614085,0.05110241633812029,-0.03963005376836168,0.1419544141327871,-0.11623857625128335,0.037499875166576435,0.13006103135485653,-0.1295390313806662,-0.1442045882038079,0.4150077977336753,-0.326404388162709,0.0662345758497721,-0.2353109063186482,0.059966831693555905,0.3380188625080356,0.3345940777644797,-0.24832474151937767,-0.16357915808113715,0.06479827367369578,-0.037960167527157015
ppg_spectral_slope,0.24022735067870604,-0.08228073031111821,-0.06771290139806334,0.001261360915559249,-0.030277669180535458,0.10057677689528788,0.02135844006527268,0.008333076384068997,-0.013698401323998336,0.0020455272774817282,0.022444523737219873,-0.05480536863153164,-0.015284705733854438,-0.021718784320498244,-0.021667919932206587,0.0029234473302702344,-0.012907189088141176,0.008313314613139921,0.013550603099121282,-0.06116739775605641,0.05244912497873117,0.002043198859495554,0.008150056272015246,0.04076628539551623,-0.029133535897459876,-0.11019054180778111,0.0655297634544918,-0.044175328159513826,-0.0791287608669035,-0.019504765823110448,-0.03297095188784644,-0.16933644155582508,-0.07440763166885636,0.028108350585347636,-0.02763603127458706,-0.14324262967269621,0.14713908149153082,-0.004207429087065477,0.01808113511640211,0.002690502959083633,0.12187224450001564,0.2066319573515404,0.00338765898140923,-0.4690811605981387,-0.46115858693172934,0.005969893792017011,-0.43312982169434355,-0.31194967713137406,-0.026288931687934183,-0.05591882406707473,0.04046426817344054,0.13735177218171354,-0.02793671951020152,0.016797986910128654
ppg_spectral_rolloff_80,0.1804541979095095,-0.1169603935309193,0.2041520774852716,0.062297978540355854,0.010620688327626577,-0.0061618256387378,-0.057844865869763284,-0.0526360860524302,0.04723843047912049,-0.08500306544814142,-0.03482378135339091,0.045683365285856335,0.0483324703634686,-0.008973955100683433,-0.12093286610319288,0.024397142362662286,0.009767146239424384,-0.1449128323894081,0.06387910279976032,0.1983568358399966,-0.10425411877359818,-0.01628119321630664,-0.11179545667875448,0.03531866295702207,-0.01749869292999568,-0.2866540936398705,0.07127290236217024,-0.13263371612951239,-0.20610019305928004,0.09339211782950241,0.3119414982805879,0.13208002261683763,-0.2973901797018732,0.1337919319867155,0.19247836105123278,-0.07299926941270837,0.10993364622411307,0.3089686300182706,0.19240412754443448,0.17923280685933923,-0.30319272065409725,0.07566997201067506,-0.12332059216072865,-0.04866236487688892,0.02274680235679033,-0.15339792134936403,0.1530593867080916,0.06359163167379395,0.044240540877408904,-0.005154224106375539,-0.10749332737238454,0.07246830202276952,-0.00867380114793681,0.0037944127039730297
ppg_spectral_rolloff_90,0.20625116612609581,-0.10659920639777383,0.1698674983428454,0.0269958150089003,-0.010033678059107855,0.004422327917268773,-0.06151205594699946,-0.053931815208445165,0.006786367125780796,-0.05141454312944355,-0.05861695545695891,-0.020098985175072387,0.018839827747572663,-0.12679175707606158,0.06839397388399175,0.06117314926819873,-0.00859457960117414,-0.0026575566235023003,0.09993761039818658,0.033400657411264564,-0.05161643566830141,-0.04627911338055554,-0.03448140535187047,0.11325634354591878,-0.06411438576761017,0.04014924972070777,-0.057197075392490526,-0.10712369131776428,-0.023025409994597013,0.032322681084048475,-0.007153016832867468,-0.13175155921271606,0.17256913431107307,-0.2952607169184444,-0.07787602684661293,0.5695460731556875,-0.3301770619795846,0.0856823557269131,-0.32630242795313213,0.1757699142503748,-0.02957015741610096,0.07847600339745296,-0.06115692135569631,-0.2564322918629146,0.006087445994846986,-0.10970402705562626,0.07193372767099544,0.04092436876863101,0.06107912736473963,0.009133647731244976,-0.08347684321797513,0.03709673432576373,-0.010078793443118388,0.0038635641806270687
ppg_spectral_rolloff_95,0.21886075611589764,-0.09446271089501358,0.11656958148980133,-0.010836180617533513,-0.024579342411105543,0.027865894525583638,-0.06503205633861867,-0.04726544364162647,-0.032481650605684476,-0.03304204824558102,-0.051224200136241245,-0.059196166836263595,-0.043307522322662134,-0.1704156958259074,0.1260622390072792,0.024009179669394774,-0.03758878733190329,0.1080358489640792,0.047679985973866565,-0.10526538411999999,0.10329008260961414,-0.02893129888482532,0.011943717855603608,0.14950058340870648,-0.05651584620721922,0.23055871082399476,0.06330746943226637,0.04168461276021647,0.010228112337177468,-0.00451605218056541,-0.17196960110056816,-0.3450256271656811,0.2430364870555633,-0.02022484785151299,-0.0737456546097354,-0.017763448827359182,0.06905095368076325,0.3607537143916954,0.5370232494251143,-0.20660775012008675,-0.12606512868265882,0.008955875350006887,-0.11314913071763244,0.130958588209403,0.09755677234834326,0.014061974085916959,0.027731887147143086,-0.023334503255326572,0.04609163394282115,0.032738238048285684,0.05580773967287314,0.009955914667112625,-0.009131834674373535,0.004687919995160352
ppg_spectral_flatness,0.18666962283632751,-0.016484945766266374,0.13377856220051046,-0.18579105445546054,0.014691618719843886,-0.01643371972563183,-0.08841289943717735,-0.05194766105314037,-0.05729636866566094,-0.004051999026807704,-0.11129397355071292,-0.09181548302758284,-0.13521653907401604,-0.22702201277227074,0.10618647898309223,0.1674987384366589,-0.1142573064304631,-0.14067570596460663,0.03769367222157111,-0.09717200272891097,0.43627191441679214,0.14728940208983238,0.13958527959237907,-0.0131655509737965,-0.037867766083544585,0.22503601157152028,-0.07017158832171161,-0.03259485492486194,0.3207624184745922,0.031696481450946334,-0.04762732420205361,0.2728070464048996,-0.33901346659449233,0.14279614933398543,-0.002896770644318758,0.006486657672952986,0.021795615774920216,-0.08532011492490821,-0.03662395720186762,0.020649647434782842,-0.03069983814460428,0.04471480889996779,0.03641188826013972,-0.12962399403673958,0.07609747902661126,-0.05472188967681528,0.14493834062398775,-0.006914529315137193,-0.17053937945790948,-0.1194849544710627,0.1020766712455063,0.05702388681307653,-0.03604413411861085,0.0047599129150940125
ppg_psd_peak_median_ratio,-0.22411278270471754,0.07313027492271959,0.14234914585702663,0.06078418357721359,0.018263556342219663,-0.15206695951899682,-0.06156744384715373,-0.016440102949600244,0.0056353213718973675,-0.004379257450455343,-0.04773914089049737,0.031896540216186396,-0.010849487977963642,-0.019782442431236173,-0.0006834495865268372,0.030321444367688556,-0.008806680023573276,-0.05698432937460731,-0.00860420811969784,0.0004908286017000067,0.03709340123777752,0.051499863382605905,0.015607314673367616,-0.099327236105948,-0.060052168678851124,0.11544663101168266,-0.036991342094719645,-0.03504362448802584,0.08279509784821099,-0.04873984226476516,0.0008448284687890117,0.09242875984596802,0.1023508548923232,0.055985083107500944,0.06869705832230318,-0.039980032914373236,-0.015565071177207512,0.010551108283773036,0.14120627166521235,0.05494649976494373,-0.039703318538696124,0.19446655684220546,0.24823619259495167,-0.263809785009386,0.34774984984588786,0.039975643789458615,-0.19026434773424042,-0.30992737383145996,0.22198912623898276,0.27163449149250873,-0.48114438978179236,-0.07970505569006903,0.005276894414746602,-0.06125395186010006
ppg_psd_peak_mean_ratio,-0.16476480413780267,-0.02550395429663883,-0.07141749370795818,0.27795753527638783,0.02224294908740494,0.016939872731624065,-0.06307407105205845,0.029441993418169693,0.07132408118244705,-0.12091413298373177,-0.08038661095796377,0.0725809401063108,0.13817560970986206,-0.16739930483225202,0.16985346421968892,0.18438875842259225,0.18459416525752584,0.24815224383748538,0.09428658860743505,0.2171047771067086,-0.05831616662058651,-0.04245485961661021,0.025289920963152995,0.19292913953510007,0.1269165442413127,0.1621059533941364,0.2586491403255008,0.08553710284551871,0.12043083372589823,0.07129369110076139,-0.11208291808495531,-0.06409824928150762,-0.44785846493565085,0.13569584108672783,0.045219567340398586,0.25877286543830175,0.08797514737048383,0.00094144689544437,-0.02937989700310975,-0.015315920950573686,0.052511395871820084,0.04447448563611396,0.02361451591227716,0.15450142577745238,-0.12890227079778815,0.0964706087462015,-0.13523812236003369,0.006404563984526421,0.08528555455697517,0.10851643204590938,-0.057270698577955054,-0.04939051573259429,0.00899142767144008,-0.01031139237610686
ppg_dom_bandpower_pm0p1,0.09747159424286353,0.2123394027493208,0.03005840727631837,0.13653266030606262,-0.08579582305084452,-0.07644059095713514,0.05637911102653257,0.03210185364786348,-0.20746293287770334,-0.07426408814238396,0.03900582718165253,-0.04076825217981673,-0.036521507288234056,-0.13112666325490985,-0.0612414593692647,-0.2571812018393068,-0.1359149900946984,0.25157817348000333,-0.10281036829748792,0.20164553811701283,0.1771178161315612,-0.049289318059497274,-0.13425286519142487,-0.21432338808869977,0.00337072856694047,-0.06915406208044658,0.06144435704800598,-0.27130731864674806,-0.014947880729952116,0.013314641636140642,-0.11955779781999532,-0.01587735080513933,0.07523231314449036,0.29178647285369574,0.12792641944477398,0.17267589323312152,-0.09396104853835932,-0.10517170134488452,0.09163704279915702,0.004539258948366133,0.00022521877600339187,-0.22132189054123824,0.03549864630428268,-0.031759207226505076,-0.13118493888940358,0.07028884079208131,0.14639791223611376,-0.13122858368759643,0.15832337827992893,-0.21110218982084605,-0.057472426987100325,-0.11286069187877157,-0.2541529605977566,0.11316484684587616
ppg_snr_dom_band,-0.027560420649797586,-0.07892485079462498,-0.06888412063576169,0.3574347358492965,-0.031343658991547806,0.12737680219909556,-0.09067775216940123,0.161613716147586,-0.014383767361401434,0.07157870912187952,0.02312963332382246,-0.11548280330953703,0.07677963590060818,-0.12272975225374962,0.17117748826605103,0.2560176039750287,0.15394917256560936,0.34394772078942887,0.22119559017840204,-0.11527184555078351,0.26795628818949385,0.13486533791182428,-0.22515099899930446,0.015020696980311471,-0.057746121959346176,-0.15964605241056484,-0.30841399142296144,-0.004644847782429767,-0.05418779171023444,-0.007605306251893096,0.13357009706419967,0.25377151451077934,0.2111771804303123,-0.001720458472946676,0.014062046211405693,-0.2029637412209107,-0.09559871843119488,0.06816709939260925,-0.03644244823450489,0.05578845910543859,0.037110368830322905,-0.04119329987912412,-0.05738488609673281,0.04665466885554734,-0.0384432840896531,-0.05894358222287993,-0.00808578262157593,-0.014737639330182607,0.012998022791818373,0.03486873823611618,0.00311268609173998,0.006427944074468783,0.0140050428709462,-0.0019116980164718758
ppg_harm2_bandpower_pm0p1,0.09197447107919134,0.19946323219631745,0.09024245305411316,0.11150519971448122,-0.07985636569865846,-0.022010916125417522,0.3276755979971205,0.06396237923914846,-0.09958187995536084,-0.030184040538059276,0.07579040569328918,0.09888505672665687,-0.01171745494261565,-0.08362257266239527,-0.1237617658401344,0.14164923241538283,0.1890804590569143,-0.10697555605682925,0.03848591949277111,-0.10183496155802982,-0.06255854003197345,0.026825580697781563,0.11817830178774513,0.07458472521741913,-0.06356122880999981,-0.00042323087276130433,-0.027247976281149944,0.014427932982914254,-0.07900044679592037,0.038685480632029756,-0.1675881792702919,0.11036988842071038,-0.013824495051796337,-0.13843641700703502,-0.033750012217769125,-0.054580982544072204,-0.06570981735761283,-0.1250448896549592,0.16461904709366104,0.22122778232796644,0.1402909656351819,0.452145301962936,-0.20103632109261338,0.1387667067677472,-0.06151717103277063,0.3075848331027968,0.2401634535254289,-0.07314089686434541,0.08141389679951223,-0.16784204828110552,-0.07173552127914404,-0.03807259221466981,0.0002629653026023186,0.041404555213530314
ppg_harm2_to_dom_power,0.07747711052086696,0.0008298503110066039,0.019529606534940652,-0.14358710407477726,-0.0034013164371331115,-0.03295171582316384,0.22391869469481335,-0.38935124803782,0.34825754839959033,-0.4203871368533414,0.08439623037234936,0.22912361909478035,0.16513907635983674,0.2624601449220904,-0.16451551713810653,0.02910137621548886,0.09347484560365348,0.23660318808817649,0.09237133345814166,-0.027385528090865308,0.32999180991898935,0.1580554654401846,-0.06911634368862357,-0.1335962087694781,0.08037919392499504,0.04534144826377771,-0.06634160350252827,0.15585951471227652,-0.06441174202000287,-0.06663373181960014,-0.06162023553857032,-0.0021681061533398993,0.01936880979323646,-0.001102418346742344,0.03180243565091467,0.06075773682906167,-0.005490723276258269,0.026307601671235525,0.00539795233689061,0.02050185519776033,-0.019783440681335557,-0.013964278235840816,0.00556088194832044,-0.02012950562452799,-0.010891010889179473,-0.025588081787344674,-0.011485752070078667,0.004392377665947165,0.003006278170655685,0.008671295318427391,-0.009101403856564256,0.0004154997605963773,-0.0009207030058350617,-0.00012311049584888979
ppg_autocorr_peak,0.039496277280117426,-0.13276766654013958,-0.11858499293683593,0.34980778802384255,-0.02191861357368282,0.04338878079433346,0.029528641523387786,-0.1920271208198897,0.062263554651132376,-0.10608145293438132,0.02427955817412998,-0.05454152759397647,0.13201708374399224,-0.025906717464429543,0.03993651898274998,-0.07230666348574316,-0.06303403224024998,-0.2052254677111783,-0.18441918046014713,-0.12751756402599582,-0.03672635046200757,-0.10612472575275303,0.046808350125470286,-0.08835497520902874,-0.0035089008584089643,0.02460057045172795,-0.07560374532512716,-0.08723695822228851,0.055975465397393176,-0.08111074111745076,-0.030709446562764288,-0.019111325783425778,-0.11895076743556464,0.004894897904650572,0.028821495374224182,0.0076056624809939105,0.052944132223331886,0.12413860449964562,0.14714277138746346,0.18300106560681206,0.6226332507008164,-0.1877326409062002,-0.14874932580167421,-0.09932081957822042,0.19948966236963897,-0.1669519607783152,0.06066781258180179,0.029742041698446214,-0.018335259615093944,0.027507022931963387,0.0038612033857381572,-0.006475037630094771,0.001362632495434321,0.00390045143765613
ppg_autocorr_lag_sec,0.15375294021978314,-0.01629368000767477,-0.18309584488368755,-0.2219583195210946,0.007407856417924215,-0.030017179500807102,0.13816120142910213,0.018582843794279862,-0.02271981012898291,-0.09833634652843176,0.03187554912935656,-0.046731265433978604,0.24106543546192918,-0.09530628961639573,0.1393917786386793,-0.06381397428512722,0.0406677711108409,-0.04214705339130134,0.11246544428655988,0.1728855317045254,-0.16092329766714436,-0.27049049021379373,-0.031734344352754046,0.16103682314135767,0.49268415532718834,-0.05589347295625133,-0.4516158190192175,-0.12661291874693967,0.20881494501388065,0.027306340858443634,-0.051606528475648374,0.13677427720466806,0.09550212505322471,0.07461151109795744,-0.03439012874898012,0.01622264389197787,0.10903292617198213,-0.04393574979773701,0.10893821283010818,-0.045509976403391494,-0.05042846681706671,0.07459319982510886,0.033285771560144894,-0.07865385512123609,0.0566177139165947,0.028536859922177,-0.021765575090950808,0.00670199887828124,0.02571303383532432,0.01587980819456567,-0.009868084497559826,-0.020855766755104976,0.0029110813035131966,0.002733641734919849
ppg_autocorr_peak_width_sec,0.13206864279877645,0.03954876710543132,-0.24276858526930253,-0.13745406238248628,0.0031742683142990265,0.12522920445658026,0.09101435601948882,-0.09649510331939848,0.03375201277901075,-0.0862928392034235,-0.037222755142806534,-0.007516417979676281,-0.16320332260107523,-0.22241210905612432,0.007899554138431995,-0.03553660473042037,0.036188506179653926,-0.022934309964136052,0.39423147011916665,0.20355668240226132,-0.4189509626570901,0.22991248405433246,-0.30006481623849746,-0.2497217556529687,-0.28023902311838833,0.12342337312477372,0.07197917117334048,0.06152148242259685,0.19923343462115292,-0.139544952298791,-0.08885344666354986,0.04309419662520418,0.001405769972658592,0.021062905320744542,0.004446881588284657,-0.12535018987866892,-0.041109086047635204,0.03721597563979875,-0.006173821365251839,0.04109423618048688,0.06700001464525329,-0.034698488126143234,-0.0008187334546933336,-0.016615728701738525,0.03688987427055691,-0.049814378344992916,0.01617552672544914,-0.01112967490189315,0.0019424436633948966,0.0005339975318945922,-0.0027665778158716403,-0.010115663519040419,0.002603189393845906,-0.0012997397782322576
ppg_autocorr_peak2,0.04523600871167463,-0.1183896307005656,-0.12892394102562263,0.32681742250491774,0.03527386903149575,-0.02508186924781171,0.005162193574732208,0.07731858049729923,0.2581965520181175,-0.2875568466005031,0.0560418377458561,-0.024278077525094085,-0.03987660129921393,-0.06394298136030006,-0.017614957463320955,-0.08027947419466541,-0.08280565130898628,-0.18189812578770242,-0.14342845711740626,-0.11218554624809679,-0.058056222407170885,-0.06869803650355676,0.03819162461978315,-0.0728106003437019,0.008422085521520031,0.0004142998452136004,-0.044992575103224325,-0.1315031228993342,0.07496501864125547,-0.1330621491656589,-0.08577762458375517,0.033789741274913576,-0.16237228248827623,0.01114673104093443,-0.2711878400982665,-0.19358998586965248,-0.46460157363455257,-0.004870564511227776,-0.025792417300557147,-0.2607423863058941,-0.33057871635833724,0.04335890775980494,0.011328220801570643,0.02621935584163304,-0.08751178337941892,0.06429732183137571,-0.007206230124135543,-0.013505046672199428,0.013581554309708078,0.002706001834104785,-0.03461343750340345,-0.021959385828060327,0.003411260160945867,-0.0042441192377107705
ppg_autocorr_lag2_sec,0.03506221858921351,-0.027787205477105562,-0.04056800784973883,-0.18138395821531048,0.047286237816262684,-0.2936415423001059,0.12239925183061102,0.3787770095587561,0.053724268342661176,-0.10715692753233719,0.16008482606232485,0.010000108932482559,0.583791294673501,-0.11684353318611788,0.3621153322605461,-0.10687438190505658,-0.05435675828168075,-0.1452580556461905,-0.0496458124372296,-0.04168240377197857,0.07659649887171815,0.16662761021630526,-0.04093552004040235,-0.07032915935787824,-0.2514852469342526,0.003716352369024581,0.18068955734712094,0.04220758386665832,-0.06628544842084941,0.003918892853893241,0.032262353296133084,-0.013990330784500182,0.029010997201063524,-0.013073629534815723,0.0327699653184573,-0.009578321219231106,0.029652865562585368,0.013528640038051293,-0.027378952525524344,0.04711832251037093,-0.0077584237555637925,-0.01922786589967132,-0.017547046187811888,-0.0006546996925228463,-0.015211535371883314,-0.006639512353037502,0.014534325516997688,-0.00018676465641432466,-0.002515874706646044,0.0014464326022828183,0.01123473109532877,0.0014479212502307437,0.0029109672668965365,0.0013846119585995062
ppg_autocorr_peak2_peak1_ratio,0.027524790084292906,0.002179078751194043,-0.013773209353403783,-0.06287461577579083,0.09322862892598291,-0.14515952321723813,-0.06178141256949298,0.5997162313017419,0.3431937017718401,-0.31568119113941145,0.09300263452235082,0.06558958333517458,-0.4731684047146959,-0.024117410226459024,-0.11798172594254716,-0.03031489442864982,-0.0669659675151784,0.07219706718350902,0.0771627902985714,-0.03501317559711085,0.014183814162361565,-0.040140267977748306,0.02671540815216683,0.07921860425673298,0.06547429988600875,0.012860768712394971,-0.06672677003289006,0.011780303600615279,-0.024113906230542624,0.03311311704298318,0.03375240736957638,-0.023941572295287136,0.036927457710664024,0.0040145283229658935,0.0857264463078215,0.08770339886461367,0.1559397423790343,0.027009152693299177,0.026560507626397778,0.10761105037987566,0.1805641016385081,-0.043143124485617766,-0.02632141486616968,-0.02252022449642757,0.05413198042276765,-0.03615033832913839,0.009882242589205198,0.009087377822756596,-0.0011585062268904059,0.008500916880259349,0.008439723829918498,0.007611489166375537,-0.0024304834588551316,0.0015718648513450388
ppg_autocorr_energy_hr,-0.0031026063968272568,-0.07233582405336007,-0.22987521592177293,0.32636873431115065,-0.024982947299186653,0.07287714894342336,0.031440208132237996,-0.15117185741518865,0.04334021042921975,-0.11999950025282949,-0.009871978008557535,-0.07644516580053841,-0.0725101827318352,-0.13476556864952371,0.04961385158204684,-0.13954499162112863,-0.07669420857043076,-0.28090648328681106,-0.012216541136485192,-0.14954879128852366,0.01585705912230052,0.14493345670687754,0.03725392848357448,-0.10718811599975692,0.025878576956613372,0.2078628467018874,-0.07597857163581301,0.04516991361794717,-0.06650706229975409,0.2024633236148355,0.08460067456019615,0.02808426438364442,0.253308185326069,-0.0011478813905953789,0.21988326348568465,0.19423960188321812,0.42029313537190127,-0.09888586081913375,-0.1146969733130334,0.087638716896411,-0.297929061736033,0.08138301297129538,0.06708118431635007,0.12086910408824575,-0.11330831448869466,0.06906920460209902,-0.024773539487797716,-8.184685346785195e-05,0.019646323206437,-0.022040726345174913,0.017949466109250523,0.00994984746323132,0.0057453517648960485,0.0034157212091571205
